"","Effects","Costs"
"SoC",48.1326784826998,5674.50882509742
"Novel",48.6934060536726,14178.4293169515
